date,open,high,low,close,volume,diversity
2021-07-19 02:00:00,-0.91,91.83,90.27,-34.5,17.766600000000004,12
2021-07-20 02:08:00,90.27,219.47000000000003,209.06,86.42,16.4316,13
2021-07-21 01:20:00,209.06,433.0299999999999,433.0299999999999,192.74,19.1617,11
2021-07-22 01:49:00,433.03000000000003,580.03,448.0899999999999,433.03000000000003,29.736900000000002,10
2021-07-23 02:04:00,448.0899999999999,448.0899999999999,237.56999999999994,237.56999999999994,38.0842,11
2021-07-24 01:56:00,237.56999999999994,237.56999999999994,22.230000000000018,22.230000000000018,51.159,12
2021-07-25 01:55:00,22.230000000000018,22.230000000000018,-154.97000000000003,-154.97000000000003,26.4506,19
2021-07-26 01:55:00,-154.97000000000003,-154.97000000000003,-467.88,-467.88,28.415,11
2021-07-27 01:54:00,-467.88,-467.8800000000001,-551.33,-694.3,54.068299999999994,15
2021-07-28 01:54:00,-551.33,-423.97,-577.45,-577.45,48.8275,8
2021-07-29 02:08:00,-577.45,-577.45,-703.47,-703.4699999999999,12.324,10
2021-07-30 02:08:00,-703.47,-703.47,-980.3600000000001,-980.3600000000001,32.851699999999994,13
2021-07-31 01:57:00,-980.3600000000001,-980.3599999999999,-1233.3899999999999,-1233.3899999999999,45.3443,10
2021-08-01 01:44:00,-1233.3899999999999,-1233.3900000000003,-1646.0699999999997,-1646.0699999999997,34.2508,10
2021-08-02 02:06:00,-1646.0699999999997,-1646.0699999999997,-2300.09,-2300.09,78.4341,9
2021-08-03 02:06:00,-2300.09,-2300.09,-2472.879999999999,-2472.879999999999,69.62200000000001,10
2021-08-04 02:06:00,-2472.879999999999,-2472.88,-2702.040000000001,-2702.040000000001,21.871800000000004,14
2021-08-05 02:07:00,-2702.040000000001,-2702.039999999999,-2904.0300000000007,-2904.0300000000007,34.8722,16
2021-08-06 01:40:00,-2904.0300000000007,-2904.0300000000007,-3333.4400000000005,-3333.4400000000005,27.1529,15
2021-08-07 01:40:00,-2404.0370000000003,-2440.0505000000003,-2453.345499999998,-2421.0590000000016,39.1902,13
2021-08-08 01:40:00,-2453.3455000000013,-2484.721999999998,-2619.245499999999,-2593.197499999999,44.0902,17
2021-08-09 01:40:00,-2619.2454999999986,-2644.161999999999,-3138.3775000000005,-3118.461500000001,58.69279999999999,5
2021-08-10 01:40:00,-3138.3775000000005,-3152.095500000001,-3239.996500000003,-3232.0950000000025,33.6426,11
2021-08-11 01:40:00,-3239.996500000003,-3246.364500000003,-3030.074000000002,-3118.2484999999983,31.8091,12
2021-08-12 01:51:00,-3030.0740000000014,-3032.926999999998,-2875.792000000004,-2863.6264999999967,11.424900000000001,17
2021-08-13 01:51:00,-2875.7920000000036,-2882.344999999997,-2966.544500000001,-2954.3790000000013,28.9184,20
2021-08-14 01:51:00,-2966.544500000001,-2973.097500000001,-3100.8365000000013,-3088.6710000000016,38.041399999999996,13
2021-08-15 01:52:00,-3100.836500000001,-3107.389500000002,-3207.7379999999994,-3195.5724999999998,44.128,13
2021-08-16 01:52:00,-3207.7379999999994,-3214.291,-3207.7694999999962,-3202.7524999999973,27.891200000000005,12
2021-08-17 01:52:00,-3207.7694999999962,-3207.9544999999976,-3192.688999999995,-3187.671999999995,52.79910000000001,13
2021-08-18 01:52:00,-3192.688999999994,-3192.8739999999952,-3237.1709999999966,-3232.153999999997,33.3159,11
2021-08-19 01:52:00,-3237.1709999999957,-3237.355999999997,-3114.516500000006,-3174.451000000002,36.2637,15
2021-08-20 01:52:00,-3114.516500000005,-3085.773999999996,-2879.9964999999966,-2871.560999999997,23.972299999999997,20
2021-08-21 01:52:00,-2879.9964999999956,-2881.703999999998,-2775.9770000000008,-2767.541500000001,26.2792,16
2021-08-22 01:52:00,-2775.9770000000008,-2777.684500000001,-2751.327499999996,-2742.891999999997,21.662399999999998,18
2021-08-23 01:52:00,-2751.327499999996,-2753.034999999997,-2742.659999999996,-2734.2244999999966,41.064499999999995,13
2021-08-24 01:52:00,-2742.659999999996,-2744.3674999999976,-2653.4469999999974,-2645.0115000000123,24.8358,24
2021-08-25 01:52:00,-2653.4469999999974,-2655.1545000000133,-2539.907500000002,-2531.4720000000016,30.4206,20
2021-08-26 01:52:00,-2539.907500000001,-2541.6150000000025,-2395.6220000000003,-2387.1865000000007,28.8404,18
2021-08-27 01:52:00,-2395.6220000000003,-2397.3295000000016,-2282.702000000002,-2274.2665000000025,23.9406,15
2021-08-28 01:52:00,-2282.702000000002,-2284.4095000000034,-2204.570499999999,-2196.1349999999975,37.9185,8
2021-08-29 01:53:00,-2204.570499999999,-2206.2779999999984,-2167.4250000000147,-2183.803500000011,68.18630000000002,13
2021-08-30 01:53:00,-2167.4249999999865,-2138.362000000003,-2158.1644999999944,-2148.422999999995,50.1455,17
2021-08-31 01:53:00,-2158.164499999996,-2161.4914999999946,-2196.676000000004,-2191.9515000000047,27.008599999999998,22
2021-09-01 01:53:00,-2196.6760000000068,-2199.8180000000048,-2192.5379999999986,-2187.8134999999984,41.785399999999996,19
2021-09-02 01:53:00,-2192.5380000000005,-2195.6799999999985,-2242.183500000003,-2237.4590000000026,29.9127,25
2021-09-03 01:53:00,-2242.1835000000046,-2245.3255000000026,-2262.8570000000145,-2258.1325000000143,57.400499999999994,18
2021-09-04 01:53:00,-2262.8570000000145,-2265.9990000000143,-2202.440999999988,-2197.7164999999895,19.8308,15
2021-09-05 01:53:00,-2202.4409999999916,-2205.5829999999896,-2251.3304999999928,-2246.6059999999907,22.8583,18
2021-09-06 01:53:00,-2251.3304999999928,-2254.4724999999926,-2272.314499999982,-2267.589999999982,37.2943,14
2021-09-07 01:39:00,-2272.314499999984,-2275.456499999982,-2303.6165000000146,-2298.8920000000126,27.366899999999998,14
2021-09-08 01:39:00,-2303.6165000000146,-2306.7585000000145,-2243.3264999999774,-2242.0204999999787,34.6964,14
2021-09-09 01:39:00,-2243.326499999979,-2244.945999999978,-2206.0670000000064,-2204.761000000004,27.798099999999994,12
2021-09-10 01:39:00,-2206.0670000000064,-2207.6865000000053,-2262.6094999999877,-2261.3034999999873,33.88549999999999,18
2021-09-11 01:57:00,-2262.6094999999877,-2264.2289999999884,-2168.3330000000096,-2167.027000000011,29.053199999999997,10
2021-09-12 01:42:00,-2168.3330000000115,-2169.9525000000103,-2221.8429999999935,-2220.536999999993,38.7991,15
2021-09-13 01:39:00,-2221.842999999997,-2223.462499999994,-2243.0140000000283,-2241.708000000028,28.9361,18
2021-09-14 01:39:00,-2243.0140000000283,-2244.633500000029,-2242.2824999999993,-2240.9765000000007,29.8913,16
2021-09-15 01:39:00,-2242.282500000001,-2243.902,-2214.6689999999835,-2213.362999999985,22.8465,17
2021-09-16 01:39:00,-2214.6689999999853,-2216.288499999984,-2108.3900000000176,-2107.084000000019,27.6153,17
2021-09-17 01:39:00,-2108.3900000000194,-2110.0095000000183,-2089.018999999993,-2087.7129999999925,28.03,17
2021-09-18 01:39:00,-2089.018999999995,-2090.6384999999937,-2014.4059999999845,-2014.4059999999845,28.4607,19
2021-09-19 01:39:00,-2014.4059999999845,-2014.4059999999845,-2038.9860000000226,-2038.9860000000226,40.964800000000004,15
2021-09-20 01:39:00,-2038.9860000000226,-2038.9860000000226,-2091.7905000000246,-2091.7905000000246,58.120200000000004,18
2021-09-21 01:40:00,-2091.7905000000246,-2091.7905000000246,-2120.6795000000093,-2120.6795000000093,39.573600000000006,18
2021-09-22 01:40:00,-2120.6795000000093,-2120.6795000000093,-2061.1584999999905,-2061.1584999999905,22.9812,18
2021-09-23 01:40:00,-2061.1584999999905,-2061.1584999999905,-2145.5304999999735,-2145.5304999999735,47.513799999999996,13
2021-09-24 01:40:00,-2145.5304999999735,-2145.5304999999735,-2185.8525000000263,-2185.8525000000263,32.7809,16
2021-09-25 01:40:00,-2185.8525000000263,-2138.07699999999,-2072.6974999999748,-2072.6975000000293,38.320800000000006,14
2021-09-26 01:40:00,-2072.6975000000293,-2075.211999999976,-2270.7435000000514,-2270.7435000000496,43.0873,11
2021-09-27 01:40:00,-2270.7435000000496,-2273.2580000000544,-2499.747999999974,-2499.7479999999723,47.0453,17
2021-09-28 01:40:00,-2499.7479999999723,-2502.262499999977,-2487.9130000000405,-2487.9130000000387,35.6011,15
2021-09-29 01:40:00,-2487.9130000000387,-2490.4275000000434,-2513.4575000000295,-2513.4575000000277,49.6091,13
2021-09-30 01:40:00,-2513.4575000000277,-2515.9720000000325,-2609.126999999944,-2609.1269999999404,38.0188,15
2021-10-01 01:41:00,-2609.1269999999404,-2611.641499999945,-2721.144000000035,-2721.144000000033,32.8959,18
2021-10-02 01:41:00,-2721.144000000033,-2723.6585000000377,-2756.8904999999704,-2756.8904999999686,47.804899999999996,22
2021-10-03 01:41:00,-2756.8904999999686,-2759.4049999999734,-2722.969499999952,-2722.9694999999483,28.3742,22
2021-10-04 01:41:00,-2722.9694999999483,-2725.483999999953,-2652.49950000002,-2652.4995000000163,34.4272,20
2021-10-05 01:41:00,-2652.4995000000163,-2655.014000000021,-2655.2734999999866,-2655.273499999985,40.73950000000001,24
2021-10-06 01:41:00,-2655.273499999985,-2657.7879999999896,-2716.790499999981,-2716.7904999999773,44.7006,23
2021-10-07 01:41:00,-2716.7904999999773,-2719.304999999982,-2680.37549999998,-2680.3754999999765,26.7864,22
2021-10-08 01:41:00,-2680.3754999999765,-2682.8899999999812,-2492.0969999999434,-2492.0969999999434,22.4119,23
2021-10-09 01:41:00,-2492.0969999999434,-2494.611499999948,-2499.324500000046,-2499.3245000000425,44.85380000000001,12
2021-10-10 01:41:00,-2499.3245000000425,-2501.8390000000472,-2478.578499999967,-2478.5784999999632,33.8272,9
2021-10-11 01:41:00,-2478.5784999999632,-2481.092999999968,-2467.154999999999,-2467.154999999995,37.6128,12
2021-10-12 01:41:00,-2467.154999999995,-2451.2204999999594,-2422.194560000047,-2422.1945600000436,30.841003,12
2021-10-13 01:41:00,-2422.1945600000436,-2425.6800600000497,-2449.0264600000482,-2449.0264600000446,32.242164,18
2021-10-14 01:50:00,-2449.0264600000446,-2452.5119600000544,-2323.958444999953,-2323.9584449999493,19.654108,24
2021-10-15 01:50:00,-2323.9584449999493,-2324.9294449999543,-2364.417710000045,-2364.417710000045,39.205321000000005,17
2021-10-16 01:50:00,-2364.417710000045,-2365.3887100000466,-2447.6900249999817,-2447.6900249999817,53.928025999999996,15
2021-10-17 01:50:00,-2447.6900249999817,-2448.6610249999867,-2588.985715000039,-2588.985715000039,43.77863300000001,13
2021-10-18 01:46:00,-2588.985715000039,-2589.956715000044,-2741.585614999989,-2741.585614999989,26.517388,16
2021-10-19 01:46:00,-2741.585614999989,-2742.5566149999904,-2811.06581500002,-2811.06581500002,40.695597,24
2021-10-20 01:46:00,-2811.06581500002,-2812.0368150000213,-2726.451704999992,-2726.451704999992,38.54498999999999,14
2021-10-21 01:46:00,-2726.451704999992,-2727.4227049999936,-2770.584505000057,-2770.584505000057,28.73541,16
2021-10-22 01:46:00,-2770.584504999948,-2771.555505000062,-2663.873010000105,-2663.873010000105,35.645848,17
2021-10-23 01:46:00,-2663.8730100001085,-2664.844010000106,-2645.2509849999624,-2645.2509849999624,30.663929,23
2021-10-24 01:46:00,-2645.2509849999697,-2646.2219849999638,-2554.075195000005,-2554.075195000005,28.718207999999997,17
2021-10-25 01:46:00,-2554.075195000012,-2555.04619500001,-2506.8993649999247,-2506.8993649999247,21.863452999999996,15
2021-10-26 01:46:00,-2506.899364999932,-2507.8703649999297,-2563.256975000062,-2563.256975000062,42.469546,16
2021-10-27 01:47:00,-2563.2569750000657,-2564.2279750000635,-2439.545214999991,-2439.545214999991,56.731001000000006,21
2021-10-28 01:47:00,-2439.5452149999983,-2440.5162149999924,-2386.0446850000408,-2386.0446850000408,37.156000999999996,19
2021-10-29 01:47:00,-2386.044685000048,-2387.015685000042,-2329.2112300000044,-2347.4706099999967,41.202653,11
2021-10-30 01:47:00,-2329.211230000008,-2287.5029100000465,-2076.357229999954,-2112.438230000018,52.114942,14
2021-10-31 01:47:00,-2076.357229999958,-2079.574509999955,-1937.8028299999023,-1934.8922299998994,17.86043,16
2021-11-01 01:47:00,-1937.802829999906,-1940.049109999898,-1929.6809900000444,-1926.7703900000415,29.827512000000002,14
2021-11-02 01:47:00,-1929.6809900000517,-1931.9272700000438,-1840.4843249999103,-1837.5737249999074,27.583790999999998,18
2021-11-03 01:47:00,-1840.4843249999176,-1842.7306049999097,-1821.531599999893,-1818.62099999989,19.827710999999997,18
2021-11-04 01:47:00,-1821.5315999999002,-1823.7778799998923,-1844.1455799999821,-1841.2349799999793,42.941987999999995,17
2021-11-05 01:47:00,-1844.1455799999894,-1846.3918599999815,-1841.6972649998897,-1838.7866649998869,23.987346999999996,18
2021-11-06 01:48:00,-1841.697264999897,-1843.9435449998891,-1753.6677199999103,-1750.7571199999074,26.518621,19
2021-11-07 01:48:00,-1753.6677199999176,-1755.9139999999097,-1654.286950000016,-1651.3763500000132,33.969679,16
2021-11-08 01:48:00,-1654.2869500000197,-1656.5332300000118,-1862.1836100000837,-1859.2730100000808,32.643079,20
2021-11-09 01:48:00,-1862.1836100000874,-1864.4298900000795,-1964.1584850000509,-1961.247885000048,34.220163,19
2021-11-10 01:48:00,-1964.1584850000581,-1966.4047650000502,-1943.815024999938,-1943.2219500000247,33.308634,16
2021-11-11 01:48:00,-1943.815024999938,-1903.704509999974,-1822.9181300000273,-1819.8855550000226,23.806503999999997,18
2021-11-12 01:48:00,-1822.9181300000273,-1827.3937150000238,-1840.6179150000207,-1837.5853400000124,38.211850999999996,13
2021-11-13 01:48:00,-1840.6179150000207,-1845.0935000000172,-1763.2583300001206,-1760.225755000116,32.261636,18
2021-11-14 01:49:00,-1763.2583300001206,-1767.7339150001171,-1815.8030750000144,-1812.770500000006,41.089009000000004,14
2021-11-15 01:49:00,-1815.8030750000144,-1820.2786600000109,-2024.8218000000707,-2021.7892250000623,38.469858,22
2021-11-16 01:49:00,-2024.8218000000707,-2029.2973850000635,-2145.935420000089,-2142.9028450000806,37.761583,15
2021-11-17 01:49:00,-2145.935420000089,-2150.411005000082,-2189.4901599999503,-2186.4575849999455,50.225903,12
2021-11-18 01:49:00,-2189.4901599999503,-2193.9657449999468,-2168.335359999932,-2166.263804999926,19.439503000000002,24
2021-11-19 01:49:00,-2168.335359999932,-2170.5646649999326,-2237.4481649999507,-2237.326189999945,29.927511999999997,26
2021-11-20 01:26:00,-2237.4481649999507,-2239.677469999948,-2349.395975000014,-2349.274000000012,40.859978,18
2021-11-21 01:27:00,-2349.395975000014,-2351.6252800000148,-2334.837825000064,-2334.7158500000587,25.520671999999998,17
2021-11-22 01:27:00,-2334.837825000064,-2337.0671300000613,-2373.722255000008,-2373.6002800000024,53.774868000000005,13
2021-11-23 01:27:00,-2373.722255000008,-2375.951560000005,-2471.7172000001083,-2471.595225000103,38.849413,20
2021-11-24 01:27:00,-2471.7172000001083,-2473.9465050001054,-2429.8661700000885,-2429.744195000083,21.359704999999998,24
2021-11-25 01:27:00,-2429.8661700000885,-2432.0954750000856,-2397.9964250000776,-2397.874450000072,26.91266,19
2021-11-26 01:27:00,-2397.9964250000776,-2400.2257300000747,-2401.221649999916,-2401.0996749999103,27.150939,10
2021-11-27 01:27:00,-2401.221649999916,-2403.450954999913,-2379.9166449999793,-2379.794669999974,37.646743,19
2021-11-28 01:27:00,-2379.9166449999793,-2382.1459499999764,-2501.6975500000517,-2501.5755750000462,36.78904700000001,16
2021-11-29 01:27:00,-2501.6975500000517,-2503.926855000049,-2605.8151500001186,-2605.6931750001168,27.084866,17
2021-11-30 01:50:00,-2605.8151499999003,-2608.0444550001193,-2499.8543500001433,-2499.8543500001433,24.980019999999996,19
2021-12-01 01:50:00,-2499.854350000154,-2499.8543500001433,-2393.5518949998877,-2393.5518949998877,19.540961,16
2021-12-02 01:50:00,-2393.5518949999023,-2393.5518949998877,-2487.6090599998133,-2487.6090599998133,42.857248000000006,25
2021-12-03 01:50:00,-2487.6090599998242,-2487.6090599998133,-2575.019030000083,-2575.019030000083,34.475427,24
2021-12-04 01:50:00,-2575.019030000094,-2575.019030000083,-2544.0120899998474,-2544.0120899998474,27.216585,25
2021-12-05 01:50:00,-2544.0120899998583,-2544.0120899998474,-2589.571525000105,-2589.571525000105,54.890442,23
2021-12-06 01:51:00,-2589.571525000116,-2561.974784999875,-2403.870795000148,-2403.870795000148,43.50725500000001,23
2021-12-07 01:51:00,-2403.870795000159,-2405.3232550001594,-2451.541424999781,-2451.541424999781,31.174378000000004,17
2021-12-08 01:51:00,-2451.541424999792,-2452.9938849997925,-2523.070944999996,-2523.070944999996,37.314242,14
2021-12-09 01:51:00,-2523.0709450000068,-2524.523405000007,-2595.5059299998684,-2595.5059299998684,33.453441000000005,15
2021-12-10 01:51:00,-2595.5059299998793,-2596.9583899998797,-2640.2874499998507,-2640.2874499998507,56.993714,22
2021-12-11 01:51:00,-2640.287449999865,-2641.7399099998656,-2623.0092449999647,-2623.0092449999647,29.267054,14
2021-12-12 01:50:00,-2623.0092449999793,-2624.4617049999797,-2743.5324200000614,-2743.5324200000614,29.862797,18
2021-12-13 01:50:00,-2743.532420000076,-2744.9848800000764,-2780.4530149999555,-2780.4530149999555,41.918437,12
2021-12-14 01:50:00,-2780.4530149999628,-2781.905474999963,-2755.2277249999097,-2755.2277249999097,31.100175,15
2021-12-15 01:50:00,-2755.2277249999242,-2756.6801849999247,-2695.9038800000126,-2695.9038800000126,31.409283999999996,22
2021-12-16 01:50:00,-2695.90388000002,-2697.3563400000203,-2786.0930099998222,-2786.0930099998222,28.229783999999995,21
2021-12-17 01:50:00,-2786.093009999837,-2787.545469999837,-2850.2055100000143,-2850.2055100000143,46.437556,16
2021-12-18 01:50:00,-2850.2055100000216,-2851.657970000022,-2791.19161500012,-2791.19161500012,38.727863,21
2021-12-19 01:50:00,-2791.1916150001343,-2792.6440750001348,-2863.2571349998907,-2863.2571349998907,36.911743,20
2021-12-20 01:51:00,-2863.2571349998907,-2864.7095949999057,-2960.599415000179,-2960.599415000179,69.071566,22
2021-12-21 01:51:00,-2960.599415000179,-2962.051875000194,-2941.7355800000732,-2941.7355800000732,50.474716,16
2021-12-22 01:40:00,-2941.7355800000732,-2943.188040000081,-2885.8108500000817,-2885.8108500000817,23.014822999999996,20
2021-12-23 01:40:00,-2885.8108500000817,-2887.2633100000894,-2875.4906550001833,-2875.4906550001833,35.989427,25
2021-12-24 01:40:00,-2875.4906550001833,-2876.943115000191,-2810.494004999826,-2810.494004999826,55.929336,16
2021-12-25 01:23:00,-2810.494004999826,-2811.9464649998336,-2612.602875000026,-2612.602875000026,15.417373999999999,16
2021-12-26 01:23:00,-2612.602875000026,-2612.602875000026,-2592.5913850000798,-2592.5913850000798,23.68252,19
2021-12-27 01:23:00,-2592.5913850000798,-2592.5913850000798,-2521.96846500002,-2580.007574999938,38.522143,19
2021-12-28 01:23:00,-2521.96846500002,-2521.96846500002,-2476.2134499999956,-2473.1587599999984,38.71615100000001,19
2021-12-29 01:23:00,-2476.2134499999956,-2476.2134499999956,-2359.389579999981,-2356.3348899999837,25.089051,17
2021-12-30 01:23:00,-2359.389579999981,-2359.389579999981,-2231.381659999912,-2228.3269699999146,33.153467,18
2021-12-31 01:23:00,-2231.381659999912,-2231.381659999912,-2120.7506449999782,-2117.695954999981,21.096726,28
2022-01-01 01:10:00,-2120.7506449999782,-2120.7506449999782,-1989.9477599999373,-1986.8930699999473,23.973243,12
2022-01-02 01:10:00,-1989.9477599999373,-1989.9477599999373,-1860.1469899998774,-1857.0922999998802,39.889715,18
2022-01-03 01:10:00,-1860.1469899998774,-1860.1469899998774,-1911.305130000088,-1908.2504400000907,21.939514,21
2022-01-04 01:10:00,-1911.305130000088,-1911.305130000088,-1994.917990000009,-1991.8633000000118,32.83803999999999,26
2022-01-05 01:10:00,-1994.917990000009,-1994.917990000009,-2014.2365050000808,-2011.1818150000909,34.814134,24
2022-01-06 01:10:00,-2014.2365050000808,-2014.2365050000808,-1877.4796199999546,-1907.6143199998405,16.857127,23
2022-01-07 01:11:00,-1877.4796199999546,-1752.9368050001358,-1661.454849999791,-1662.4266899999711,42.231235999999996,19
2022-01-08 01:11:00,-1661.454849999791,-1668.0097349997814,-1602.0050149999297,-1596.8996549999356,23.848713999999998,20
2022-01-09 01:11:00,-1602.0050149999297,-1608.5598999999202,-1764.242585,-1759.1372249999986,32.628895,22
2022-01-10 01:11:00,-1764.242585,-1770.7974699999904,-1981.784765000033,-1976.679405000039,64.29722699999999,15
2022-01-11 01:11:00,-1981.784765000033,-1988.3396500000235,-2020.3253600001335,-2015.2200000001321,26.145469000000002,19
2022-01-12 01:11:00,-2020.3253600001335,-2026.880245000124,-2077.3013849998824,-2072.196024999881,41.048672,16
2022-01-13 01:08:00,-2077.3013849998824,-2083.856269999873,-2141.840995000137,-2136.735635000143,25.736603999999996,19
2022-01-14 01:08:00,-2141.840995000137,-2148.3958800001274,-2134.245959999993,-2129.140599999999,24.228395999999996,19
2022-01-15 01:08:00,-2134.245959999993,-2140.8008449999834,-2130.373204999858,-2125.267844999864,19.412737,21
2022-01-16 01:08:00,-2130.373204999858,-2136.9280899998485,-2291.365595000192,-2289.314925000188,30.968238,20
2022-01-17 01:08:00,-2291.365595000192,-2297.9204800001826,-2570.2392000001128,-2568.188530000116,53.71428699999999,21
2022-01-18 01:08:00,-2570.2392000001128,-2576.794085000103,-2543.04021000005,-2540.9895400000532,30.134144,25
2022-01-19 01:08:00,-2543.04021000005,-2549.5950950000406,-2559.430075000084,-2557.379405000087,27.347374999999996,17
2022-01-20 01:08:00,-2559.430075000084,-2565.9849600000744,-2578.230994999991,-2576.1803249999866,20.003335999999997,23
2022-01-21 01:08:00,-2578.230994999991,-2584.7858799999813,-2544.3624749995797,-2560.2937849996597,29.227370999999998,18
2022-01-22 01:09:00,-2544.3624750000163,-2496.952039999931,-2374.6087049998605,-2371.611614999849,27.958046000000003,20
2022-01-23 01:09:00,-2374.6087049998314,-2384.003869999826,-2458.7408499999874,-2455.743759999983,20.556992,16
2022-01-24 01:09:00,-2458.7408499999656,-2468.13601499996,-2488.3789950001737,-2485.3819050001694,33.056897,23
2022-01-25 01:09:00,-2488.378995000152,-2497.7741600001464,-2447.215179999803,-2444.218089999791,20.087638000000002,18
2022-01-26 01:09:00,-2447.215179999781,-2456.6103449997754,-2339.6228049997007,-2338.372524999686,25.107007,25
2022-01-27 01:09:00,-2339.622804999679,-2342.463084999683,-2321.247314999695,-2320.3008949996874,32.834963,20
2022-01-28 01:09:00,-2321.247314999673,-2324.087594999677,-2201.264119999738,-2228.129614999845,17.528665999999998,13
2022-01-29 01:09:00,-2201.264119999716,-2105.722114999706,-1942.009489999713,-1957.0622799997436,24.211469,23
2022-01-30 01:09:00,-1942.0094899996911,-1950.0277849996928,-2036.242474999999,-2032.9131649999908,37.917584000000005,19
2022-01-31 01:42:00,-2036.2424749999773,-2044.260769999979,-2134.3970850004844,-2131.067775000469,36.871363,16
2022-02-01 01:42:00,-2134.3970850004553,-2142.415380000464,-2156.9828000000707,-2153.653490000055,27.837389,25
2022-02-02 01:42:00,-2156.9828000000416,-2165.0010950000506,-2116.6459199999954,-2113.31660999998,17.867444000000003,18
2022-02-03 01:42:00,-2116.6459199999663,-2124.6642149999752,-2038.8988600000303,-2066.035194999982,22.224918000000002,13
2022-02-04 01:42:00,-2038.8988600000012,-2037.4212400001488,-1988.7598550004623,-1983.8270900004572,26.003114000000004,17
2022-02-05 01:42:00,-1988.7598550004404,-1997.277935000442,-2057.600839999948,-2052.668074999936,26.98134,16
2022-02-06 01:43:00,-2057.6008399999264,-2066.1189199999208,-2152.870775000287,-2147.9380100002745,29.583547,14
2022-02-07 01:43:00,-2152.870775000265,-2161.3888550002594,-2265.268440000087,-2260.335675000075,25.731796,25
2022-02-08 01:43:00,-2265.268440000058,-2273.7865200000597,-2212.2812849996844,-2207.348519999672,15.831586000000001,28
2022-02-09 01:43:00,-2212.2812849996626,-2220.799364999657,-2204.767405000166,-2199.8346400001537,30.500276,27
2022-02-10 01:43:00,-2204.767405000144,-2213.2854850001386,-2305.5982899997834,-2301.6119449997786,27.471193999999997,18
2022-02-11 01:43:00,-2305.5982899997834,-2311.276089999781,-2366.6415950001683,-2362.6552500001635,39.33317,24
2022-02-12 01:43:00,-2366.6415950001683,-2372.3193950001587,-2322.286180000381,-2318.2998350003763,25.49978,24
2022-02-13 01:43:00,-2322.286180000381,-2327.9639800003715,-2293.7579549996663,-2289.7716099996615,34.424946000000006,12
2022-02-14 01:43:00,-2293.7579549996663,-2299.4357549996566,-2475.5211600004695,-2471.5348150004647,33.688864,14
2022-02-15 01:43:00,-2475.5211600004695,-2481.19896000046,-2480.2898799997274,-2476.3035349997226,34.041426,14
2022-02-16 01:44:00,-2480.2898799997274,-2485.967679999725,-2477.831819999963,-2473.8454749999582,27.836529000000002,24
2022-02-17 01:44:00,-2477.831819999963,-2483.5096199999534,-2505.82245999961,-2503.2998999996125,29.296370999999997,23
2022-02-18 01:44:00,-2505.82245999961,-2506.322244999603,-2515.9968949998292,-2514.393439999825,20.671224,19
2022-02-19 01:44:00,-2515.9968949998292,-2516.496679999822,-2539.8071900001232,-2538.2037350001265,42.046147,13
2022-02-20 01:44:00,-2539.8071900001232,-2540.306975000116,-2507.791649999839,-2506.1881949998424,18.565877,8
2022-02-21 01:44:00,-2507.791649999839,-2508.291434999832,-2516.4177150002215,-2514.8142600002247,24.595954,7
2022-02-22 01:44:00,-2516.4177150002215,-2516.917500000214,-2616.787040000454,-2615.1835850004572,27.234155,15
2022-02-23 01:44:00,-2616.787040000454,-2617.2868250004467,-2592.0875750003397,-2592.0875750003397,33.626294,15
2022-02-24 01:44:00,-2592.0875750003397,-2592.0875750003397,-2634.3887949999917,-2634.3887949999917,27.498819000000005,17
2022-02-25 01:45:00,-2634.3887949999917,-2634.3887949999917,-2496.403295000411,-2496.403295000411,45.634415000000004,17
2022-02-26 01:53:00,-2496.403295000411,-2496.403295000411,-2429.62270000032,-2429.62270000032,26.725673999999998,17
2022-02-27 01:45:00,-2429.62270000032,-2429.62270000032,-2331.5930949999965,-2331.5930949999965,28.098851,10
2022-02-28 01:45:00,-2331.5930949999965,-2331.5930949999965,-2541.7351649997727,-2541.7351649997727,56.460275,9
2022-03-01 01:45:00,-2541.7351649997727,-2541.7351649997727,-2667.9602649998415,-2667.9602649998415,47.102554,15
2022-03-02 01:45:00,-2667.9602649998415,-2667.9602649998415,-2683.957270000319,-2683.957270000319,21.988855,15
2022-03-03 01:37:00,-2683.957270000319,-2683.957270000319,-2623.1489849996287,-2623.1489849996287,47.037182,13
2022-03-04 01:37:00,-2623.1489849996287,-2623.1489849996287,-2422.423739999809,-2446.4923700000145,21.332033000000003,16
2022-03-05 01:37:00,-2422.423739999809,-2214.3564499999848,-2006.1282900001825,-2167.2638299997925,15.915627999999998,14
2022-03-06 01:37:00,-2006.1282900001825,-2017.0792000001748,-1880.6888099995922,-1916.9294100001935,39.613668000000004,13
2022-03-07 01:37:00,-1880.6888099995922,-1795.7774050001535,-1623.1518350003316,-1651.216149999571,65.68145,18
2022-03-08 01:37:00,-1623.1518350003316,-1588.729159999777,-1447.859010000153,-1433.4996250001714,36.149417,14
2022-03-09 01:23:00,-1447.859010000153,-1466.5089350001435,-1387.1913649996277,-1372.8319799996461,26.750854,18
2022-03-10 01:23:00,-1387.1913649996277,-1405.8412899996183,-1432.5878049998064,-1418.2284199998248,23.821013999999998,16
2022-03-11 01:23:00,-1432.5878049998064,-1451.237729999797,-1460.3519350002534,-1445.9925500002719,18.638796,25
2022-03-12 01:23:00,-1460.3519350002534,-1479.0018600002368,-1420.40127999978,-1406.0418949997984,22.713524,23
2022-03-13 01:23:00,-1420.40127999978,-1439.0512049997706,-1385.0630399997826,-1370.703654999801,23.071932,17
2022-03-14 01:23:00,-1385.0630399997826,-1403.712964999766,-1407.631799999901,-1393.2724149999194,19.519642,13
2022-03-15 01:23:00,-1407.631799999901,-1426.2817249998916,-1387.064519999687,-1372.7051349997055,27.116747,11
2022-03-16 01:23:00,-1387.064519999687,-1405.7144449996777,-1441.6657749999795,-1427.306389999998,14.052807,18
2022-03-17 01:23:00,-1441.6657749999795,-1460.3156999999628,-1501.556189999821,-1487.1968049998395,51.375507,14
2022-03-18 01:24:00,-1501.556189999821,-1520.2061149998117,-1595.8734999996595,-1581.514114999678,23.188339000000003,15
2022-03-19 01:24:00,-1595.8734999996595,-1614.5234249996502,-1541.2228850005195,-1526.863500000538,15.686408,15
2022-03-20 01:24:00,-1541.2228850005195,-1559.87281000051,-1537.7698699999164,-1523.4104849999276,21.344437000000003,14
2022-03-21 01:24:00,-1537.7698699999164,-1556.4197949998998,-1550.3408499996149,-1535.9814649996333,23.310125,16
2022-03-22 01:24:00,-1550.3408499996149,-1568.9907749996055,-1577.1410600005183,-1562.7816750005368,17.962785,15
2022-03-23 01:24:00,-1577.1410600005183,-1595.790985000509,-1701.3874000000287,-1687.0280150000472,17.249337000000004,22
2022-03-24 01:24:00,-1701.3874000000287,-1720.0373250000193,-1781.8190100001157,-1768.7263950001434,23.24303,17
2022-03-25 01:24:00,-1781.8190100001157,-1789.518025000114,-1852.7398599999942,-1848.1947350000046,23.351054999999995,19
2022-03-26 01:52:00,-1852.7398599999942,-1860.4388749999925,-1788.3579799999497,-1819.3963549996697,28.331173,12
2022-03-27 01:52:00,-1788.3579799999497,-1687.4748149996594,-1686.5334600000642,-1684.7882200000822,32.95433499999999,10
2022-03-28 01:52:00,-1686.5334600000642,-1691.9827650000807,-1950.2626299997355,-1948.5173899997462,37.479983,16
2022-03-29 01:52:00,-1950.2626299997355,-1955.711934999752,-2129.480234999908,-2127.734994999926,30.582594,24
2022-03-30 01:52:00,-2129.480234999908,-2134.9295399999246,-2144.497029999693,-2142.7517899997038,36.850976,24
2022-03-31 01:52:00,-2144.497029999693,-2149.9463349997095,-2065.6132300003883,-2063.8679900004063,24.06837,20
2022-04-01 01:52:00,-2065.6132300003883,-2011.5793300001897,-1810.9623300001476,-1925.9206000003978,26.711875999999997,23
2022-04-02 01:52:00,-1810.9623300001476,-1611.805830000245,-1531.589360000471,-1618.4223400001429,43.640356000000004,15
2022-04-03 01:52:00,-1531.589360000471,-1551.1028600004938,-1664.1420800000924,-1651.26926000011,28.826476,12
2022-04-04 01:52:00,-1664.1420800000924,-1683.6555800001152,-1715.1945399999167,-1702.3217199999344,20.572074999999998,11
2022-04-05 01:53:00,-1715.1945399999167,-1734.7080399999395,-1761.5896749997992,-1748.7168549998169,30.780679,18
2022-04-06 01:53:00,-1761.5896749997992,-1781.103174999822,-1832.7016000004005,-1819.8287800004255,31.404138999999997,13
2022-04-07 01:53:00,-1832.7016000004005,-1852.2151000004233,-1840.2300750000868,-1827.3572550001118,24.150843,19
2022-04-08 01:53:00,-1840.2300750000868,-1859.7435750001096,-1875.797404999983,-1862.9245850008883,31.807202,13
2022-04-09 01:53:00,-1875.797404999983,-1895.3109050008934,-1981.1027549993742,-1968.2299349993482,32.39357699999999,17
2022-04-10 01:53:00,-1981.1027549993742,-2000.616254999346,-2005.6434150000132,-1992.7705949999872,18.580764000000002,16
2022-04-11 01:53:00,-2005.6434150000132,-2025.156914999985,-2093.4360150001958,-2080.56319500017,38.010861,14
2022-04-12 01:53:00,-2093.4360150001958,-2112.949515000175,-2087.8298399999258,-2074.9570199999,25.804349,10
2022-04-13 01:53:00,-2087.8298399999258,-2107.343339999905,-2090.23443000079,-2077.361610000764,33.729026,15
2022-04-14 01:39:00,-2090.23443000079,-2109.747930000769,-2016.1349000005066,-2003.2620800004806,18.430486000000002,20
2022-04-15 01:39:00,-2016.1349000005066,-2035.6484000004857,-1984.022134999279,-1972.894554999235,26.546180999999997,13
2022-04-16 01:33:00,-1984.022134999279,-1998.0863299992416,-1964.607744999972,-1953.4801649999354,19.542032,14
2022-04-17 01:34:00,-1964.607744999972,-1978.6719399999347,-2045.6191750002545,-2034.4915950002178,18.346866000000002,13
2022-04-18 01:34:00,-2045.6191750002545,-2059.683370000217,-2146.478729999115,-2135.351149999071,38.01744199999999,10
2022-04-19 01:31:00,-2146.478729999115,-2160.5429249990702,-2069.720285000003,-2058.592704999959,15.684266999999998,21
2022-04-20 01:31:00,-2069.720285000003,-2083.7844799999584,-2064.42898499938,-2053.3014049993362,49.232869,15
2022-04-21 01:31:00,-2064.42898499938,-2075.3624849993284,-2097.9773100006423,-2092.992020000609,30.283822,16
2022-04-22 01:32:00,-2097.9773100006423,-2097.9773100005914,-2185.052415000697,-2185.052415000646,42.389587000000006,17
2022-04-23 01:32:00,-2185.052415000697,-2185.052415000646,-1997.7443550007883,-2060.2800050003425,32.450045,17
2022-04-24 01:32:00,-1997.7443550007883,-1961.3011199998655,-1751.6177599998628,-1799.181999999193,14.79448,14
2022-04-25 01:32:00,-1751.6177599998628,-1753.535824999868,-1641.4161150008003,-1635.4481550008059,30.004983,15
2022-04-26 01:32:00,-1641.4161150008003,-1643.3341800007984,-1695.8385699990686,-1689.870609999074,19.621940000000002,13
2022-04-27 01:32:00,-1695.8385699990686,-1697.7566349990666,-1761.9839849994023,-1756.016024999415,27.684399999999997,10
2022-04-28 01:32:00,-1761.9839849994023,-1763.9020499994076,-1768.7834749991089,-1762.8155149991653,20.145714,8
2022-04-29 01:32:00,-1768.7834749991089,-1770.701540000926,-1789.642410000226,-1783.6744500002824,28.871628,14
2022-04-30 01:32:00,-1789.642410000226,-1791.5604750001803,-1749.0392850005082,-1743.0713250005647,28.885051999999998,12
2022-05-01 01:32:00,-1749.0392850005082,-1750.9573500004626,-1723.9883799991585,-1718.020419999215,17.758302999999998,18
2022-05-02 01:32:00,-1723.9883799991585,-1725.9064449991129,-1817.333069999142,-1811.3651099991985,25.453391000000003,23
2022-05-03 01:33:00,-1817.333069999142,-1819.2511349990964,-1855.7671950004078,-1849.7992350004643,30.372029,19
2022-05-04 01:33:00,-1855.7671950004078,-1857.6852600003622,-1834.8400849998943,-1828.8721249999508,40.993964,20
2022-05-05 01:33:00,-1834.8400849998943,-1836.7581499998487,-1817.9272349994571,-1811.9592749995209,40.105005,16
2022-05-06 01:33:00,-1817.9272349994571,-1819.8452999994188,-1816.343690000751,-1810.3757300008147,45.48998999999999,23
2022-05-07 01:33:00,-1816.343690000751,-1818.2617550007126,-1780.8189399994008,-1774.85097999945,14.840701,13
2022-05-08 01:33:00,-1780.8189399994008,-1782.7370049993478,-1777.2889249999134,-1771.3209649999626,22.324921,10
2022-05-09 01:33:00,-1777.2889249999134,-1779.2069899998605,-1814.93320499947,-1808.9652449995338,29.486423000000002,17
2022-05-10 01:33:00,-1814.93320499947,-1816.8512699994317,-1694.1387400007807,-1720.4357250002213,31.659772,22
2022-05-11 01:33:00,-1694.1387400007807,-1696.0568050007278,-1720.6750349998474,-1713.0089199999347,30.704929999999997,18
2022-05-12 01:33:00,-1720.6750349998474,-1722.5930999997945,-1739.4482550003595,-1731.7821400004468,26.797658999999996,17
2022-05-13 01:34:00,-1739.4482550003595,-1741.3663200003066,-1803.8986000009754,-1799.5238350010477,48.421615,13
2022-05-14 01:34:00,-1803.8986000009754,-1803.898600000888,-1862.9369049993402,-1861.2387499993638,24.504272,14
2022-05-15 01:34:00,-1862.9369049993402,-1862.9369049992383,-1983.68227499965,-1981.9841199996881,30.327809000000002,13
2022-05-16 01:34:00,-1983.68227499965,-1983.6822749995627,-1961.5646549999656,-1959.8665000000037,30.137389000000002,14
2022-05-17 01:34:00,-1961.5646549999656,-1961.5646549998783,-1943.4930799997383,-1973.7477950002067,22.187499,15
2022-05-18 01:34:00,-1943.4930799997383,-1871.8874950002937,-1840.9318199997797,-1837.5519349997921,15.434083,9
2022-05-19 01:34:00,-1840.9318199997797,-1844.700534999749,-1866.437825001034,-1863.0579400010465,28.189274,14
2022-05-20 01:35:00,-1866.437825001034,-1870.2065400010033,-1945.4362199995667,-1942.0563349995791,37.209661999999994,14
2022-05-21 01:35:00,-1945.4362199995667,-1949.204934999536,-1885.7902449998946,-1882.410359999907,23.565599,15
2022-05-22 01:35:00,-1885.7902449998946,-1889.5589599998639,-1939.0130249996728,-1935.6331399996707,22.095024,10
2022-05-23 01:35:00,-1939.0130249996728,-1942.7817399996275,-1900.3232850006752,-1896.9434000006877,16.352655,11
2022-05-24 01:35:00,-1900.3232850006752,-1904.0920000006445,-1714.8319700006396,-1711.452085000652,0.0,8
2022-05-25 01:35:00,-1714.8319700006396,-1718.6006850006088,-1538.2117750005855,-1534.8318900005834,0.0,8
2022-05-26 01:35:00,-1538.2117750005855,-1541.9804900005402,-1371.2246550005802,-1367.8447700005927,0.0,8
2022-05-27 01:48:00,-1371.2246550005802,-1374.9933700005495,-1308.959840000607,-1305.5799550006195,10.242799999999999,17
2022-05-28 01:48:00,-1308.959840000607,-1312.7285550005763,-1371.431334999943,-1368.0514499999554,23.46372,16
2022-05-29 01:48:00,-1371.431334999943,-1375.2000499999122,-1488.735854999628,-1485.3559699996404,20.829439,13
2022-05-30 01:49:00,-1488.735854999628,-1492.5045699995972,-1551.6641849998414,-1549.9824549998157,36.454218999999995,20
2022-05-31 01:49:00,-1551.6641849998414,-1555.4328999998106,-1525.894889999734,-1524.2131599997228,27.284001,22
2022-06-01 01:49:00,-1525.894889999734,-1529.6636049997032,-1455.3087549996562,-1453.6270249996305,21.649732999999998,17
2022-06-02 01:49:00,-1455.3087549996562,-1459.0774699996255,-1404.2016150006966,-1402.5198850006855,17.600861000000002,13
2022-06-03 01:49:00,-1404.2016150006966,-1407.9703300006659,-1380.4004999995232,-1378.7187699994975,21.027669999999997,15
2022-06-04 01:49:00,-1380.4004999995232,-1384.1692149994924,-1371.225135000699,-1369.5434050006734,19.598583,15
2022-06-05 01:49:00,-1371.225135000699,-1374.9938500006683,-1402.4587349997892,-1400.7770049997634,30.148383,9
2022-06-06 01:49:00,-1402.4587349997892,-1406.2274499997438,-1501.8647899994685,-1501.8647899994685,29.96416,11
2022-06-07 01:49:00,-1501.8647899994685,-1501.8647899994685,-1488.6339250001183,-1488.6339250001183,28.232084999999998,19
2022-06-08 01:49:00,-1488.6339250001183,-1488.6339250001183,-1541.6218400000653,-1541.6218400000653,27.318953,18
2022-06-09 01:50:00,-1541.6218400000653,-1541.6218400000653,-1613.4179799995327,-1613.4179799995327,26.678844999999995,21
2022-06-10 01:50:00,-1613.4179799995327,-1613.4179799995327,-1683.5912150004006,-1683.5912150004006,45.223029999999994,14
2022-06-11 01:50:00,-1683.5912150004006,-1683.5912150004006,-1646.8931550007255,-1646.8931550007255,22.047787,18
2022-06-12 01:50:00,-1646.8931550007255,-1646.8931550007255,-1728.9093499999435,-1728.9093499999435,23.276970000000002,15
2022-06-13 01:50:00,-1728.9093499999435,-1728.9093499999435,-1737.2115849996917,-1737.2115849996917,31.606065,9
2022-06-14 01:50:00,-1737.2115849996917,-1735.639999999199,-1733.8989349997573,-1733.8989349997573,30.613080999999998,17
2022-06-15 01:50:00,-1733.8989349997573,-1733.9816499997833,-1781.1825850004388,-1781.1825850004388,29.449877,13
2022-06-16 01:50:00,-1781.1825850004388,-1781.2653000004648,-1738.210205000083,-1738.210205000083,22.459682,14
2022-06-17 01:50:00,-1738.210205000083,-1738.292920000109,-1756.0758500004158,-1756.0758500004158,23.554283,18
2022-06-18 01:50:00,-1756.0758500004158,-1756.1585650004417,-1783.2207000005,-1783.2207000005,20.261512000000003,14
2022-06-19 01:51:00,-1783.2207000005,-1783.303415000526,-1679.4607850002067,-1679.4607850002067,33.15797,10
2022-06-20 01:51:00,-1679.4607850002067,-1679.5435000002326,-1704.7296250006184,-1704.7296250006184,24.963583,16
2022-06-21 01:51:00,-1704.7296250006184,-1704.8123400006443,-1698.829579999583,-1698.829579999583,35.019503,18
2022-06-22 01:51:00,-1698.829579999583,-1686.8643949995749,-1516.6082049997494,-1591.78246499924,26.518040999999997,16
2022-06-23 01:51:00,-1516.6082049997494,-1517.3250199997856,-1488.1315449991234,-1484.1750049991533,31.51541,17
2022-06-24 01:51:00,-1488.1315449991234,-1488.8483599991596,-1423.1425800005964,-1419.1860400006117,26.855076,15
2022-06-25 01:51:00,-1423.1425800005964,-1283.6122249993496,-1122.6021249992773,-1259.4375800005218,15.206112999999998,18
2022-06-26 01:52:00,-1122.6021249992773,-852.9561850001046,-705.2525099994673,-970.9922199992434,15.010981000000001,16
2022-06-27 01:52:00,-705.2525099994673,-624.222979999613,-483.0135099995823,-561.8914949995524,22.596565000000002,12
2022-06-28 01:52:00,-483.0135099995823,-371.89775999914855,-250.22224000041024,-348.9614849995851,17.860755,14
2022-06-29 01:37:00,-250.22224000041024,-285.7300900004775,-253.12039999951958,-214.79884499954642,18.813923000000003,17
2022-06-30 01:37:00,-253.12039999951958,-266.21319000041694,-157.95136000021012,-157.4487349999108,25.910115,15
2022-07-01 01:37:00,-157.95136000021012,-194.63895000024058,-176.72457499960728,-136.41254999962985,21.928379999999997,11
2022-07-02 01:37:00,-176.72457499960728,-213.41216499963775,-178.36266000075557,-138.05063500077813,25.716586,11
2022-07-03 01:38:00,-178.36266000075557,-215.05025000078604,-289.61134499908076,-249.29931999910332,27.898180000000004,7
2022-07-04 01:38:00,-289.61134499908076,-326.2162199990853,-505.0361899991549,-464.72416499917745,39.831041000000006,16
2022-07-05 01:38:00,-505.0361899991549,-541.6410649991594,-649.9413499998918,-609.6293249999144,48.99664499999999,23
2022-07-06 01:38:00,-649.9413499998918,-686.5462249998964,-665.4848399993061,-677.6801699992211,28.055934999999998,16
2022-07-07 01:38:00,-665.4848399993061,-702.0897149993107,-787.2852699997893,-744.2096999998175,24.80758,10
2022-07-08 01:38:00,-787.2852699997893,-823.8901449997938,-881.0113149995886,-837.9357449996314,25.843362,18
2022-07-09 01:38:00,-881.0113149995886,-917.6161899995932,-1009.0272800008825,-965.9517100009107,28.603934000000002,18
2022-07-10 01:39:00,-1009.0272800008825,-1045.632155000887,-1123.2738500005507,-1080.1982800005935,30.315239000000002,10
2022-07-11 01:39:00,-1123.2738500005507,-1159.8787250005698,-1191.6810400010145,-1148.6054700010427,33.947799,8
2022-07-12 01:39:00,-1191.6810400010145,-1227.6518150010088,-1219.9786249997123,-1180.8595949997252,25.030653000000004,20
2022-07-13 01:39:00,-1219.9786249997123,-1255.9493999997212,-1266.997220000805,-1227.878190000818,35.28601200000001,9
2022-07-14 01:39:00,-1266.997220000805,-1261.5802949993813,-1153.7209249993757,-1195.8877900003426,24.267125,18
2022-07-15 01:39:00,-1153.7209249993757,-1093.9429300008342,-1021.5104849993222,-1040.642069999405,31.376358999999997,18
2022-07-16 01:39:00,-1021.5104849993222,-1042.4255749993026,-996.45787499976,-995.6214900006598,16.12541,14
2022-07-17 01:40:00,-996.45787499976,-985.385899999179,-1007.9826050004922,-987.9612450004497,24.517632,15
2022-07-18 01:40:00,-1007.9826050004922,-1017.5023500004754,-1095.1004200004973,-1081.932100000413,31.624695999999997,14
2022-07-19 01:40:00,-1095.1004200004973,-1104.6201650004805,-1161.686860000249,-1148.5185400001646,20.051837000000003,12
2022-07-20 01:36:00,-1161.686860000249,-1170.0268650002836,-1177.8271899998217,-1166.649339999727,20.051147,18
2022-07-21 01:36:00,-1177.8271899998217,-1186.1671949998417,-1180.4347099998995,-1169.2568599998049,17.484806,12
2022-07-22 01:36:00,-1180.4347099998995,-1188.7747149999195,-1156.558215000754,-1145.3803650006594,45.610425,16
2022-07-23 01:36:00,-1156.558215000754,-1164.8982200007886,-1151.8703050000622,-1140.6924549999676,24.308728000000002,12
2022-07-24 01:37:00,-1151.8703050000622,-1160.2103100000822,-1168.3479700000025,-1157.170119999908,18.281081,13
2022-07-25 01:37:00,-1168.3479700000025,-1176.687975000037,-1190.761915000534,-1179.5840650004393,20.272548,15
2022-07-26 01:37:00,-1190.761915000534,-1199.101920000554,-1273.6028850002185,-1265.1885800001182,25.193234,18
2022-07-27 01:45:00,-1273.6028850002185,-1281.942890000253,-1232.9854400007025,-1224.5711350006022,9.144193,20
2022-07-28 01:45:00,-1232.9854400007025,-1241.325445000737,-1228.5271299998276,-1220.1128249997273,23.306710000000002,27
2022-07-29 01:45:00,-1228.5271299998276,-1236.8671349998622,-1308.7203850006626,-1300.3060800005624,20.956314999999996,14
2022-07-30 01:45:00,-1308.7203850006626,-1317.0603900006972,-1285.821829999055,-1277.4075249989546,17.826704999999997,15
2022-07-31 01:45:00,-1285.821829999055,-1294.161834999075,-1295.9604599991872,-1287.5461549990869,23.655592,12
2022-08-01 01:45:00,-1295.9604599991872,-1304.3004649992072,-1298.9253350007348,-1290.5110300006345,24.538576,10
2022-08-02 01:45:00,-1298.9253350007348,-1307.2653400007694,-1363.6988200007036,-1355.2845150006033,36.425588,13
2022-08-03 01:46:00,-1363.6988200007036,-1369.8605250006513,-1361.703564998883,-1357.5674650005967,29.343954,17
2022-08-04 01:46:00,-1361.703564998883,-1363.099710000679,-1330.482979999113,-1329.2478649989644,21.998283,11
2022-08-05 01:46:00,-1330.482979999113,-1331.8791249990463,-1224.4317199987418,-1266.8949149992259,20.537632,13
2022-08-06 01:46:00,-1224.4317199987418,-1129.2573000011907,-1080.4176900014281,-1088.9364049986907,24.803396999999997,13
2022-08-07 01:46:00,-1080.4176900014281,-1085.4268700012035,-1130.8552549983433,-1128.0543699983536,22.370928,16
2022-08-08 01:46:00,-1130.8552549983433,-1135.8644349981041,-1117.1677049985155,-1114.366819998526,22.134494,18
2022-08-09 01:46:00,-1117.1677049985155,-1122.176884998291,-1039.6536649991758,-1099.415125001222,20.240011,17
2022-08-10 01:46:00,-1039.6536649991758,-1007.6597750006185,-1026.4245599993446,-1020.3309199992509,17.385994,15
2022-08-11 01:46:00,-1026.4245599993446,-1033.3812699990376,-1048.9905000012368,-1042.896860001143,24.063481999999997,17
2022-08-12 01:46:00,-1048.9905000012368,-1055.9472100009152,-1023.5254000003479,-1017.4317600002541,16.594386999999998,16
2022-08-13 01:47:00,-1023.5254000003479,-1030.4821100000263,-1045.0550749991962,-1038.9614349991025,33.47844,12
2022-08-14 01:47:00,-1045.0550749991962,-1052.0117849988892,-1009.4684550001257,-1003.374815000032,30.304114000000002,10
2022-08-15 01:47:00,-1009.4684550001257,-1016.4251649998187,-980.7740349995001,-974.6803949994064,30.787039,18
2022-08-16 01:47:00,-980.7740349995001,-987.7307449991786,-977.7881099988736,-971.6944699987798,22.407363,18
2022-08-17 01:47:00,-977.7881099988736,-984.744819998552,-937.4827450019366,-955.1170650003478,22.899555,15
2022-08-18 01:47:00,-937.4827450019366,-910.2973100006639,-851.5098100016767,-844.16733000167,38.796754,13
2022-08-19 01:47:00,-851.5098100016767,-860.2634750014113,-767.4476899996371,-803.4583649995766,31.434193,17
2022-08-20 01:47:00,-767.4476899996371,-776.2013549993717,-714.1782650014356,-704.5540400014288,18.619785999999998,13
2022-08-21 01:48:00,-714.1782650014356,-722.9319300011703,-746.5387150011957,-736.9144900011888,21.075173,10
2022-08-22 01:48:00,-746.5387150011957,-755.2923800009303,-763.0566700001218,-753.432445000115,14.380251,9
2022-08-23 01:48:00,-763.0566700001218,-771.8103349998564,-799.9397750005155,-790.315550000596,18.630063999999997,11
2022-08-24 01:48:00,-799.9397750005155,-808.6934400003374,-833.4357799993886,-823.8115549994691,19.219049,9
2022-08-25 01:48:00,-833.4357799993886,-842.1894449992105,-849.3710699982912,-841.9817499984056,16.682887,10
2022-08-26 01:48:00,-849.3710699982912,-853.1155549982504,-863.4286499997543,-856.6053099997371,21.676577999999996,10
2022-08-27 01:53:00,-863.4286499997543,-867.1731349997281,-828.8525549987389,-822.0292149987072,28.042778000000002,7
2022-08-28 01:53:00,-828.8525549987389,-832.5970399986982,-748.7108699997916,-741.8875299997599,7.1784360000000005,4
2022-08-29 01:53:00,-748.7108699997916,-752.4553549997509,-667.3222349997668,-663.7916499998391,0.0,4
2022-08-30 01:43:00,-667.3222349997668,-665.8521400004684,-592.4047300005332,-588.87414500062,1.272,7
2022-08-31 01:41:00,-592.4047300005332,-594.3736350005493,-574.8695699986129,-571.3389849986852,5.337401,8
2022-09-01 01:38:00,-574.8695699986129,-576.838474998629,-656.4793749991804,-652.9487899992673,21.458080000000002,10
2022-09-02 01:38:00,-656.4793749991804,-658.4482799991965,-700.4277649996802,-696.8971799997671,30.189832000000003,19
2022-09-03 01:38:00,-700.4277649996802,-702.3966699996963,-765.8331650018663,-762.3025800019532,41.770425,12
2022-09-04 01:38:00,-765.8331650018663,-767.8020700018824,-823.0346849985362,-819.5040999986231,24.676161999999998,8
2022-09-05 01:38:00,-823.0346849985362,-825.0035899985523,-908.2868750007765,-904.7562900008634,30.527434,13
2022-09-06 01:38:00,-908.2868750007765,-910.2557800007926,-1078.3474200012133,-1076.065675001213,33.788207,16
2022-09-07 01:38:00,-1078.3474200012133,-1078.5193700011878,-1153.752999998629,-1151.4712549986289,28.258441999999995,20
2022-09-08 01:38:00,-1153.752999998629,-1153.924949998589,-1178.6407299993589,-1178.6407299993589,16.506601,14
2022-09-09 01:38:00,-1178.6407299993589,-1178.8126799993188,-1180.8418049994798,-1180.8418049994798,21.074152,18
2022-09-10 01:38:00,-1180.8418049994798,-1181.0137549994542,-1165.7259600004181,-1165.7259600004181,18.111051,20
2022-09-11 01:39:00,-1165.7259600004181,-1165.897910000378,-1132.1783599996998,-1132.1783599996998,23.114934,9
2022-09-12 01:39:00,-1132.1783599996998,-1132.3503099996597,-1195.9647549999936,-1195.9647549999936,20.404431000000002,12
2022-09-13 01:39:00,-1195.9647549999936,-1196.1367049999535,-1340.1695149993466,-1340.1695149993466,39.364641,17
2022-09-14 01:39:00,-1340.1695149993466,-1340.341464999321,-1305.9514550004096,-1305.9514550004096,24.589613999999997,9
2022-09-15 01:39:00,-1305.9514550004096,-1306.123405000384,-1334.1626299997733,-1334.1626299997733,25.006372999999996,16
2022-09-16 01:39:00,-1334.1626299997733,-1334.3345799997478,-1404.5191800003813,-1413.2131050018652,35.21083,20
2022-09-17 01:39:00,-1404.5191800003813,-1404.6911300003558,-1409.8305500019342,-1409.3729750018538,29.645622,11
2022-09-18 01:39:00,-1409.8305500019342,-1410.002500001894,-1442.0934250000864,-1441.635850000006,37.315083,9
2022-09-19 01:39:00,-1442.0934250000864,-1442.0934250000864,-1426.5352800009714,-1426.0777050009056,28.997436000000004,13
2022-09-20 01:39:00,-1426.5352800009714,-1426.5352800009714,-1382.4554350018443,-1381.9978600017785,32.125891,11
2022-09-21 01:40:00,-1382.4554350018443,-1382.4554350018443,-1268.0076300008222,-1267.5500550007418,9.301397,9
2022-09-22 01:40:00,-1268.0076300008222,-1268.0076300008222,-1132.3167150007503,-1131.8591400006844,0.0,5
2022-09-23 01:40:00,-1132.3167150007503,-1132.3167150007503,-1003.7172900008009,-1003.2597150007205,0.0,5
2022-09-24 01:16:00,-1003.7172900008009,-1003.7172900008009,-939.6162200015096,-939.1586450014292,14.625836,13
2022-09-25 01:16:00,-939.6162200015096,-939.6162200015096,-994.4248199997528,-993.9672449996724,26.695610000000002,16
2022-09-26 01:16:00,-994.4248199997528,-994.4248199997528,-1098.9274150002748,-1098.4698400001944,25.077796,13
2022-09-27 01:16:00,-1098.9274150002748,-1098.9274150002748,-1109.4518300000636,-1108.9942549999832,25.712561,17
2022-09-28 01:16:00,-1109.4518300000636,-1109.4518300000636,-1063.3589000003412,-1062.9013250002608,18.084023000000002,21
2022-09-29 01:17:00,-1063.3589000003412,-1063.3589000003412,-1118.5289399998292,-1118.0713649997488,21.641348,18
2022-09-30 01:17:00,-1118.5289399998292,-1118.5289399998292,-1152.7614449996472,-1152.3038699995668,32.947738,10
2022-10-01 01:17:00,-1152.7614449996472,-1152.7614449996472,-1172.13474500124,-1171.6771700011595,27.931390999999998,11
2022-10-02 01:17:00,-1172.13474500124,-1172.13474500124,-1169.3127000000386,-1168.8551249999582,17.904208,12
2022-10-03 01:17:00,-1169.3127000000386,-1169.3127000000386,-1211.086885001132,-1210.6293100010662,16.794227,13
2022-10-04 01:17:00,-1211.086885001132,-1211.086885001132,-1256.7170250007912,-1256.2594500007108,40.604653,14
2022-10-05 01:17:00,-1256.7170250007912,-1256.7170250007912,-1262.7290999980614,-1262.271524997981,19.462313,15
2022-10-06 01:17:00,-1262.7290999980614,-1262.7290999980614,-1256.9263100005628,-1256.9263100005628,21.150607,14
2022-10-07 01:17:00,-1256.9263100005628,-1256.9263100005628,-1236.0426949990942,-1236.0426949990942,17.738855,15
2022-10-08 01:18:00,-1236.0426949990942,-1236.0426949990942,-1193.7473399987502,-1193.7473399987502,19.502923,25
2022-10-09 01:18:00,-1193.7473399987502,-1193.7473399987502,-1201.0787249986024,-1201.0787249986024,15.632777,16
2022-10-10 01:18:00,-1201.0787249986024,-1201.0787249986024,-1252.2734350005194,-1252.2734350005194,27.369240999999995,16
2022-10-11 01:18:00,-1252.2734350005194,-1252.2734350005194,-1251.2051749993116,-1251.2051749993116,17.690448,23
2022-10-12 01:18:00,-1251.2051749993116,-1251.2051749993116,-1241.3197700004966,-1241.3197700004966,28.306692,17
2022-10-13 01:18:00,-1241.3197700004966,-1241.3197700004966,-1241.393439997919,-1241.393439997919,20.300751,14
2022-10-14 01:18:00,-1241.393439997919,-1241.393439997919,-1223.1637499982462,-1223.1637499982462,15.957125000000001,16
2022-10-15 01:18:00,-1223.1637499982462,-1223.1637499982462,-1182.1179100001173,-1182.1179100001173,20.823058,17
2022-10-16 01:18:00,-1182.1179100001173,-1182.1179100001173,-1083.0150749986933,-1083.18759499937,26.588409,11
2022-10-17 01:19:00,-1083.0150749986933,-1083.0150749986933,-1054.4193849990115,-1054.410304998979,25.472212999999996,11
2022-10-18 01:19:00,-1054.4193849990115,-1029.6232449995296,-964.6777500014723,-964.6686700014398,24.855271000000002,7
2022-10-19 01:19:00,-964.6777500014723,-965.982810001442,-1091.6198600001662,-1091.6107800001337,25.351233000000004,11
2022-10-20 01:19:00,-1091.6198600001662,-1092.924920000136,-1135.22898499835,-1135.2199049983174,25.134217,13
2022-10-21 01:19:00,-1135.22898499835,-1136.5340449983196,-1118.749490000686,-1118.7404100006388,20.261346000000003,19
2022-10-22 01:19:00,-1118.749490000686,-1120.0545500006556,-1193.6715900007694,-1193.6625100007222,28.524409,14
2022-10-23 01:19:00,-1193.6715900007694,-1194.976650000739,-1301.6040849987476,-1301.5950049987005,40.554241,5
2022-10-24 01:20:00,-1301.6040849987476,-1302.9091449987172,-1368.2116050004988,-1368.2025250004663,28.66268,7
2022-10-25 01:20:00,-1368.2116050004988,-1369.5166650004685,-1385.478474999225,-1385.469394999178,43.467530999999994,14
2022-10-26 01:20:00,-1385.478474999225,-1386.7835349991947,-1369.8342850010813,-1369.8252050010487,21.87435,13
2022-10-27 01:20:00,-1369.8342850010813,-1371.139345001051,-1298.9942450014933,-1339.769424999875,20.669734,17
2022-10-28 01:20:00,-1298.9942450014933,-1209.4091000007465,-1161.475915001327,-1171.7192200014397,18.887271,18
2022-10-29 01:20:00,-1161.475915001327,-1167.5646700013458,-1131.0952500015555,-1130.5889049984544,17.9589,16
2022-10-30 01:20:00,-1131.0952500015555,-1137.1840050015599,-1094.6696549993067,-1091.7403099995136,23.511408,10
2022-10-31 01:21:00,-1094.6696549993067,-1100.758409999311,-1110.0968550002144,-1107.1675100004359,37.81476,9
2022-11-01 01:21:00,-1110.0968550002144,-1116.1856100002333,-1118.9934099996462,-1116.0640649998531,23.833547000000003,10
2022-11-02 01:24:00,-1118.9934099996462,-1125.0821649996506,-1145.3571950003534,-1142.4278500005603,19.536834999999996,10
2022-11-03 01:24:00,-1145.3571950003534,-1151.4459500003577,-1190.4550750009657,-1187.5257300011872,27.537692,15
2022-11-04 01:24:00,-1190.4550750009657,-1196.5438300009846,-1179.8946149997355,-1176.965269999957,19.157515,16
2022-11-05 01:24:00,-1179.8946149997355,-1185.9833699997544,-1168.3202199995576,-1165.399954999797,22.643946,14
2022-11-06 01:24:00,-1168.3202199995576,-1125.3540150009067,-1000.2485550008714,-1085.1469549994945,27.305716000000004,14
2022-11-07 01:24:00,-1000.2485550008714,-1007.6140900008322,-997.3073900006711,-989.7650900010049,26.774160000000002,12
2022-11-08 01:24:00,-997.3073900006711,-1004.672925000632,-956.0902450012072,-948.5479450015409,14.574368999999999,10
2022-11-09 01:24:00,-956.0902450012072,-891.4323850002111,-774.9396400000842,-841.2456850014569,14.969262,13
2022-11-10 01:24:00,-774.9396400000842,-704.0968199985073,-612.5847600009292,-663.4155700003757,15.033634999999999,14
2022-11-11 01:25:00,-612.5847600009292,-628.0567400010332,-559.3312799991982,-544.6253899995208,22.520072,15
2022-11-12 01:27:00,-559.3312799991982,-574.8032599993021,-535.3708349978551,-520.6649449981778,29.279298,12
2022-11-12 20:57:00,-535.3708349978551,-550.8428149979591,-528.5987850003003,-513.8928950006084,17.998949,9
